MRIScanID,PersonID,Name,ScanDate,HasT1,HasT2,HasBOLD,HasDWI
1,1,caochangsheng,2016_10_27,True,False,True,True
2,1,caochangsheng,2016_11_14,True,False,True,True
3,2,chenguwen,2015_07_11,True,False,True,True
262,117,zhanglibin,2016_12_16,True,False,True,True
263,117,zhanglibin,2016_12_30,True,True,True,True
264,117,zhanglibin,2017_01_19,True,False,True,True
265,117,zhanglibin,2017_02_16,True,False,True,True
266,117,zhanglibin,2017_03_03,True,True,True,True
267,117,zhanglibin,2017_03_17,True,False,True,True
268,117,zhanglibin,2018_01_04,True,True,True,True
93,42,liujinli,2016_11_24,True,False,True,True
94,42,liujinli,2016_12_09,True,False,True,True
95,42,liujinli,2016_12_23,True,False,True,True
96,42,liujinli,2017_01_13,True,False,True,True
97,42,liujinli,2017_02_04,True,True,True,True
98,42,liujinli,2017_02_23,True,False,True,True
99,42,liujinli,2017_03_17,True,False,True,True
100,42,liujinli,2017_04_01,True,False,True,True
