MRIScanID,PersonID,PatientID,Name,Gender,Birth,Weight,Institution,Manufacturer,ModelName,ScanDate,HasT1,HasT2,HasBOLD,HasDWI
1,1,hidden,P1,M,1978_08_28,75,TSingHua ChangGung Hospital,GE MEDICAL SYSTEMS,DISCOVERY MR750,2016_10_27,True,False,True,True
2,1,hidden,P1,M,1978_08_28,75,TSingHua ChangGung Hospital,GE MEDICAL SYSTEMS,DISCOVERY MR750,2016_11_14,True,False,True,True
174,73,hidden,P73,F,1938_04_25,54,TSingHua ChangGung Hospital,GE MEDICAL SYSTEMS,DISCOVERY MR750,2017_06_01,True,False,True,True
175,73,hidden,P73,F,1938_04_25,54,TSingHua ChangGung Hospital,GE MEDICAL SYSTEMS,DISCOVERY MR750,2017_07_06,True,True,True,True
176,73,hidden,P73,F,1938_04_25,54,TSingHua ChangGung Hospital,GE MEDICAL SYSTEMS,DISCOVERY MR750,2017_08_14,True,False,True,True
177,73,hidden,P73,F,1938_04_25,54,TSingHua ChangGung Hospital,GE MEDICAL SYSTEMS,DISCOVERY MR750,2017_09_22,True,False,True,True
178,73,hidden,P73,F,1938_04_25,54,TSingHua ChangGung Hospital,GE MEDICAL SYSTEMS,DISCOVERY MR750,2017_11_17,True,False,True,True
3,2,hidden,P2,M,1983_07_11,74,TSingHua ChangGung Hospital,GE MEDICAL SYSTEMS,DISCOVERY MR750,2015_07_11,True,False,True,True
262,117,hidden,P117,M,1960_08_07,65,TSingHua ChangGung Hospital,GE MEDICAL SYSTEMS,DISCOVERY MR750,2016_12_16,True,False,True,True
263,117,hidden,P117,M,1960_08_07,65,TSingHua ChangGung Hospital,GE MEDICAL SYSTEMS,DISCOVERY MR750,2016_12_30,True,True,True,True
264,117,hidden,P117,M,1960_08_07,65,TSingHua ChangGung Hospital,GE MEDICAL SYSTEMS,DISCOVERY MR750,2017_01_19,True,False,True,True
265,117,hidden,P117,M,1960_08_07,65,TSingHua ChangGung Hospital,GE MEDICAL SYSTEMS,DISCOVERY MR750,2017_02_16,True,False,True,True
266,117,hidden,P117,M,1960_08_07,65,TSingHua ChangGung Hospital,GE MEDICAL SYSTEMS,DISCOVERY MR750,2017_03_03,True,True,True,True
267,117,hidden,P117,M,1960_08_07,65,TSingHua ChangGung Hospital,GE MEDICAL SYSTEMS,DISCOVERY MR750,2017_03_17,True,False,True,True
268,117,hidden,P117,M,1960_08_07,65,TSingHua ChangGung Hospital,GE MEDICAL SYSTEMS,DISCOVERY MR750,2018_01_04,True,True,True,True
93,42,hidden,P42,M,1962_03_25,60,TSingHua ChangGung Hospital,GE MEDICAL SYSTEMS,DISCOVERY MR750,2016_11_24,True,False,True,True
94,42,hidden,P42,M,1962_03_25,60,TSingHua ChangGung Hospital,GE MEDICAL SYSTEMS,DISCOVERY MR750,2016_12_09,True,False,True,True
95,42,hidden,P42,M,1962_03_25,60,TSingHua ChangGung Hospital,GE MEDICAL SYSTEMS,DISCOVERY MR750,2016_12_23,True,False,True,True
96,42,hidden,P42,M,1962_03_25,60,TSingHua ChangGung Hospital,GE MEDICAL SYSTEMS,DISCOVERY MR750,2017_01_13,True,False,True,True
97,42,hidden,P42,M,1962_03_25,60,TSingHua ChangGung Hospital,GE MEDICAL SYSTEMS,DISCOVERY MR750,2017_02_04,True,True,True,True
98,42,hidden,P42,M,1962_03_25,60,TSingHua ChangGung Hospital,GE MEDICAL SYSTEMS,DISCOVERY MR750,2017_02_23,True,False,True,True
99,42,hidden,P42,M,1962_03_25,60,TSingHua ChangGung Hospital,GE MEDICAL SYSTEMS,DISCOVERY MR750,2017_03_17,True,False,True,True
100,42,hidden,P42,M,1962_03_25,60,TSingHua ChangGung Hospital,GE MEDICAL SYSTEMS,DISCOVERY MR750,2017_04_01,True,False,True,True
